111111, C,  N, 行政长官或董事总经理,  Chief Executive or Managing Director,AIM
111211, C,  N, 公司总经理,  Corporate General Manager,AIM
111212, C,  N, 国防军高级官员,  Defence Force Senior Officer,VET(B)
121111, C,  N, 水产养殖农民,  Aquaculture Farmer,VET(B)
121211, C,  N, 棉农,  Cotton Grower,VET(B)
121212, C,  N, 花农,  Flower Grower,VET(B)
121213, C,  N, 水果或坚果种植者,  Fruit or Nut Grower,VET(B)
121214, C,  N, 谷物，油籽草种植者,  Grain Oilseed or Pasture Grower (Aus),VET(B)
121215, C,  N, 葡萄种植者,  Grape Grower,VET(B)
121216, C,  N, 混合作物农民,  Mixed Crop Farmer,VET(B)
121217, C,  N, 甘蔗种植者,  Sugar Cane Grower,VET(B)
121218, C,  N, 草坪种植者,  Turf Grower,VET(B)
121221, C,  N, 菜农（澳洲）,  Vegetable Grower (Aus),VET(B)
121299, C,  N, 作物农民NEC的,  Crop Farmers nec,VET(B)
121311, C,  N, 养蜂家,  Apiarist,VET(B)
121312, C,  N, 肉牛农民,  Beef Cattle Farmer,VET(B)
121313, C,  N, 奶牛农民,  Dairy Cattle Farmer,VET(B)
121314, C,  N, 鹿农民,  Deer Farmer,VET(B)
121315, C,  N, 山羊农民,  Goat Farmer,VET(B)
121316, C,  N, 马饲养员,  Horse Breeder,VET(B)
121317, C,  N, 农民人畜混,  Mixed Livestock Farmer,VET(B)
121318, C,  N, 养猪农民,  Pig Farmer,VET(B)
121321, C,  N, 家禽饲养,  Poultry Farmer,VET(B)
121322, C,  N, 羊农民,  Sheep Farmer,VET(B)
121399, C,  N, 畜牧业农民NEC,  Livestock Farmers nec,VET(B)
121411, C,  N, 混合作物和牲畜农民,  Mixed Crop and Livestock Farmer,VET(B)
131112, C,  N, 销售和市场营销经理,  Sales and Marketing Manager,AIM
131113, C,  N, 广告管理,  Advertising Manager,AIM
131114, C,  N, 公共关系经理,  Public Relations Manager,AIM
132111, C,  N, 企业服务经理,  Corporate Services Manager,VET(B)
132211, C,  N, 财务经理,  Finance Manager,CPAA-ICAA-IPA
132311, C,  N, 人力资源经理,  Human Resource Manager,AIM
132411, C,  N, 政策和规划经理,  Policy and Planning Manager,VET(B)
132511, C,  N, 研究和开发经理,  Research and Development Manager,VET(B)
133111, S,  L, 施工项目经理,  Construction Project Manager,VET(A)
133112, S,  L, 项目建造师,  Project Builder,VET(A)
133211, S,  N, 工程师经理,  Engineering Manager,EA-AIM
133311, C,  N, 进口商或出口商,  Importer or Exporter,VET(B)
133312, C,  N, 批发商,  Wholesaler,VET(B)
133411, C,  N, 制造商,  Manufacturer,VET(B)
133511, C,  N, 生产经理（林业）,  Production Manager (Forestry),VET(B)
133512, C,  N, 生产经理（制造业）,  Production Manager (Manufacturing),VET(B)
133513, S,  N, 生产经理（采矿）,  Production Manager (Mining),VET(B)
133611, C,  N, 采购供应及分销经理,  Supply and Distribution Manager,AIM
133612, C,  L, 采购经理,  Procurement Manager,AIM
134111, S,  N, 幼儿中心经理,  Child Care Centre Manager,TRA
134211, S,  N, 医疗管理员,  Medical Administrator,VET(A)
134212, S,  N, 护理临床主任,  Nursing Clinical Director,ANMAC
134213, S,  N, 初级卫生机构经理,  Primary Health Organisation Manager,VET(A)
134214, S,  N, 福利中心经理,  Welfare Centre Manager,ACWA-VET(A)
134299, C,  N, 卫生和福利服务经理NEC,  Health and Welfare Services Managers nec,VET(A)
134311, C,  N, 校长,  School Principal,VET(A)
134411, C,  N, 学院主管,  Faculty Head,VET(A)
134412, C,  N, 区域教育服务经理,  Regional Education Manager,VET(A)
134499, C,  N, 教育管理者NEC,  Education Managers nec,VET(A)
135111, C,  N, 首席信息官,  Chief Information Officer,ACS
135112, C,  L, 信息和通信技术项目经理,  ICT Project Manager,ACS
135199, C,  N, 信息和通信技术经理NEC,  ICT Managers nec,ACS
139111, C,  N, 现役国防军主任,  Commissioned Defence Force Officer,VET(B)
139112, C,  N, 现役消防官,  Commissioned Fire Officer,VET(B)
139113, C,  N, 现役警察,  Commissioned Police Officer,VET(B)
139211, C,  N, 高级非现役国防军会员,  Senior Non-Commissioned Defence Force Member,VET(B)
139911, C,  N, 艺术管理者或经理,  Arts Administrator or Manager,VET(B)
139912, C,  N, 环境经理,  Environmental Manager,VET(B)
139913, C,  N, 实验室经理,  Laboratory Manager,VET(B)
139914, C,  N, 质量保证经理,  Quality Assurance Manager,VET(B)
139915, C,  N, 体育管理员,  Sports Administrator,VET(B)
139999, C,  N, 专家经理 NEC,  Specialist Managers nec EXCEPT: Ambassador Archbishop Bishop,VET(B)
141111, C,  N, 咖啡馆或餐厅经理,  Cafe or Restaurant Manager,VET(C)
141211, C,  N, 大篷车公园和露营地管理,  Caravan Park and Camping Ground Manager,VET(C)
141311, C,  N, 酒店或汽车旅馆经理,  Hotel or Motel Manager,VET(B)
141411, C,  N, 持牌俱乐部经理,  Licensed Club Manager,VET(C)
141911, C,  N, 床位和早餐管理人,  Bed and Breakfast Operator,VET(C)
141912, C,  N, 退休村经理,  Retirement Village Manager,VET(C)
141999, C,  N, 住宿和接待经理NEC,  Accommodation and Hospitality Managers nec,VET(C)
142112, C,  N, 古董商,  Antique Dealer,VET(C)
142113, C,  N, 博彩营业经理,  Betting Agency Manager,VET(C)
142114, C,  N, 美发或美容院经理,  Hair or Beauty Salon Manager,VET(C)
142115, C,  N, 邮局管理员,  Post Office Manager,VET(C)
142116, C,  N, 旅行社经理,  Travel Agency Manager,VET(C)
149111, C,  N, 娱乐中心经理,  Amusement Centre Manager,VET(C)
149112, C,  N, 健身中心经理,  Fitness Centre Manager,VET(C)
149113, C,  N, 体育中心经理,  Sports Centre Manager,VET(C)
149211, C,  N, 呼叫或联系中心经理,  Call or Contact Centre Manager,VET(C)
149212, C,  N, 客户服务经理,  Customer Service Manager,VET(C)
149311, C,  N, 会议和活动组织者,  Conference and Event Organiser,VET(C)
149411, C,  N, 车队经理,  Fleet Manager,VET(C)
149412, C,  N, 火车站经理,  Railway Station Manager,VET(C)
149413, C,  N, 运输公司经理,  Transport Company Manager,VET(C)
149911, C,  N, 宠物旅馆管理人,  Boarding Kennel or Cattery Operator,VET(C)
149912, C,  N, 电影院或剧院经理,  Cinema or Theatre Manager,VET(C)
149913, C,  N, 设施经理,  Facilities Manager,VET(C)
149914, C,  N, 金融机构分公司经理,  Financial Institution Branch Manager,VET(C)
149915, C,  N, 设备租赁经理,  Equipment Hire Manager,VET(C)
211111, C,  N, 演员,  Actor,VET(B)
211112, C,  N, 舞蹈演员及编舞,  Dancer or Choreographer,VET(B)
211113, C,  N, 艺人或综艺艺术家,  Entertainer or Variety Artist,VET(B)
211199, C,  N, 演员，舞蹈家和其他艺人NEC,  Actors Dancers and Other Entertainers nec,VET(B)
211211, C,  N, 作曲家,  Composer,VET(B)
211212, C,  N, 音乐总监,  Music Director,VET(B)
211213, C,  N, 音乐家（器乐）,  Musician (Instrumental),VET(B)
211214, C,  N, 歌手,  Singer,VET(B)
211299, C,  N, 音乐专业人员NEC,  Music Professionals nec,VET(B)
211311, C,  N, 摄影师,  Photographer,VET(B)
211411, C,  N, 画家（视觉艺术）,  Painter (Visual Arts),VET(B)
211412, C,  N, 陶艺或陶瓷艺术家,  Potter or Ceramic Artist,VET(B)
211413, C,  N, 雕塑家,  Sculptor,VET(B)
211499, C,  N, 视觉艺术和工艺品专业人员NEC,  Visual Arts and Crafts Professionals nec,VET(B)
212111, C,  N, 艺术总监,  Artistic Director,VET(B)
212112, C,  N, 媒体制作（不含视频）,  Media Producer (excluding Video),VET(A)
212113, C,  N, 电台主持人,  Radio Presenter,VET(B)
212114, C,  N, 电视节目主持人,  Television Presenter,VET(B)
212211, C,  N, 作家,  Author,VET(B)
212212, C,  N, 书或剧本编辑,  Book or Script Editor,VET(B)
212311, C,  N, 艺术总监（电影电视或舞台）,  Art Director (Film Television or Stage),VET(B)
212312, C,  N, 总监（电影电视收音机或舞台）,  Director (Film Television Radio or Stage),VET(B)
212313, C,  N, 摄影指导,  Director of Photography,VET(B)
212314, C,  N, 电影和视频编辑,  Film and Video Editor,VET(B)
212315, C,  N, 项目总监（电视或电台）,  Program Director (Television or Radio),VET(B)
212316, C,  N, 剧务,  Stage Manager,VET(B)
212317, C,  N, 技术总监,  Technical Director,VET(B)
212318, C,  N, 视频制作,  Video Producer,VET(B)
212399, C,  N, 电影电视广播和舞台董事NEC,  Film Television Radio and Stage Directors nec,VET(B)
212411, C,  N, 文案,  Copywriter,VET(B)
212412, C,  N, 报纸或期刊编辑,  Newspaper or Periodical Editor,VET(B)
212413, C,  N, 报刊杂志记者,  Print Journalist,VET(B)
212414, C,  N, 电台记者,  Radio Journalist,VET(B)
212415, C,  N, 技术作家,  Technical Writer,VET(B)
212416, C,  N, 电视记者,  Television Journalist,VET(B)
212499, C,  N, 记者和其他作家NEC,  Journalists and Other Writers nec,VET(B)
221111, S,  N, 会计师（普通）,  Accountant (General),CPAA-ICAA-IPA
221112, S,  N, 管理会计师,  Management Accountant,CPAA-ICAA-IPA
221113, S,  N, 税务会计师,  Taxation Accountant,CPAA-ICAA-IPA
221211, C,  N, 公司秘书,  Company Secretary,VET(B)
221212, C,  N, 企业财务,  Corporate Treasurer,CPAA-ICAA-IPA
221213, S,  L, 外审,  External Auditor,CPAA-ICAA-IPA
221214, S,  N, 内审,  Internal Auditor,VET(A)
222111, C,  N, 大宗商品交易商,  Commodities Trader,VET(C)
222112, C,  N, 金融经纪,  Finance Broker,VET(C)
222113, C,  N, 保险经纪,  Insurance Broker,VET(C)
222199, C,  N, 金融经纪NEC,  Financial Brokers nec,VET(C)
222211, C,  N, 金融市场经销商,  Financial Market Dealer,VET(B)
222212, C,  N, 期货操盘手,  Futures Trader,VET(B)
222213, C,  N, 证券经纪交易商,  Stockbroking Dealer,VET(B)
222299, C,  N, 金融交易商NEC,  Financial Dealers nec,VET(B)
222311, C,  N, 金融投资顾问,  Financial Investment Adviser,VET(B)
222312, C,  N, 金融投资经理,  Financial Investment Manager,VET(B)
223111, C,  N, 人力资源顾问,  Human Resource Adviser,VET(B)
223112, C,  N, 招聘顾问,  Recruitment Consultant,VET(B)
223113, C,  N, 劳资关系顾问,  Workplace Relations Adviser,VET(B)
223211, C,  N, ICT培训师,  ICT Trainer,ACS
223311, C,  N, 培训和开发专员,  Training and Development Professional,VET(B)
224111, S,  N, 精算师,  Actuary,VET(A)
224112, C,  N, 数学家,  Mathematician,VET(A)
224113, C,  L, 统计学家,  Statistician,VET(A)
224211, C,  N, 档案保管员,  Archivist,VET(B)
224212, C,  N, 画廊或博物馆馆长,  Gallery or Museum Curator,VET(B)
224213, C,  N, 卫生信息管理员,  Health Information Manager,VET(B)
224214, C,  N, 记录管理员,  Records Manager,VET(B)
224311, C,  N, 经济学家,  Economist,VET(A)
224411, C,  N, 情报官,  Intelligence Officer,VET(B)
224412, C,  N, 政策分析师,  Policy Analyst,VET(B)
224511, S,  N, 土地经济学家,  Land Economist,VET(A)
224512, S,  N, 估值师,  Valuer,VET(A)
224611, C,  N, 图书管理员,  Librarian,VET(A)
224711, C,  N, 管理顾问,  Management Consultant,VET(B)
224712, C,  L, 组织和方法分析师,  Organisation and Methods Analyst,VET(B)
224911, C,  N, 选民主任,  Electorate Officer,VET(B)
224912, C,  N, 联络主任联络官,  Liaison Officer,VET(B)
224913, C,  N, 移民代理（澳洲）,  Migration Agent (Aus),VET(B)
224914, C,  N, 专利审查员,  Patents Examiner,VET(B)
224999, C,  N, 信息和组织专业人员NEC,  Information and Organisation Professionals nec,VET(B)
225111, C,  N, 广告专员,  Advertising Specialist,VET(B)
225112, C,  N, 市场研究分析师,  Market Research Analyst,VET(B)
225113, C,  N, 市场营销专员,  Marketing Specialist,VET(B)
225211, C,  N, ICT客户经理,  ICT Account Manager,VET(B)
225212, C,  N, 信息和通信技术业务发展经理,  ICT Business Development Manager,VET(B)
225213, C,  N, 信息和通信技术销售代表,  ICT Sales Representative,VET(B)
225311, C,  N, 公共关系专员,  Public Relations Professional,VET(B)
225411, C,  N, 销售代表（工业产品）,  Sales Representative (Industrial Products),VET(B)
225412, C,  N, 销售代表（医药品）,  Sales Representative (Medical and Pharmaceutical Products),VET(B)
225499, C,  N, 技术销售代表NEC,  Technical Sales Representatives nec,VET(B)
231111, C,  N, 飞机飞行员,  Aeroplane Pilot,CASA
231112, C,  N, 空中交通管制员,  Air Traffic Controller,VET(B)
231113, C,  N, 飞行教练,  Flying Instructor,VET(B)
231114, C,  N, 直升机飞行员,  Helicopter Pilot,CASA
231199, C,  N, 航空运输专业人员NEC,  Air Transport Professionals nec,VET(B)
231211, C,  N, 渔船船长,  Master Fisher,VET(B)
231212, S,  L, 船舶工程师,  Ship's Engineer,AMSA
231213, S,  L, 船长,  Ship's Master,AMSA
231214, S,  L, 船舶主任,  Ship's Officer,AMSA
231215, C,  N, 船舶验船师,  Marine Surveyor,AMSA
231299, C,  N, 海洋运输专业人员NEC,  Marine Transport Professionals nec,VET(B)
232111, S,  N, 建筑师,  Architect,AACA
232112, S,  N, 景观设计师,  Landscape Architect,VET(A)
232212, S,  L, 测量员,  Surveyor,SSSI
232213, S,  N, 制图师,  Cartographer,VET(A)
232214, S,  L, 其他空间科学家,  Other Spatial Scientist,VET(A)
232311, C,  N, 时装设计师,  Fashion Designer,VET(B)
232312, C,  N, 工业设计师,  Industrial Designer,VET(B)
232313, C,  N, 珠宝设计师,  Jewellery Designer,VET(B)
232411, C,  N, 平面设计师,  Graphic Designer,VET(B)
232412, C,  N, 插图画家,  Illustrator,VET(B)
232413, C,  L, 多媒体设计师,  Multimedia Designer,VET(B)
232414, C,  N, 网页设计师,  Web Designer,VET(B)
232511, C,  N, 室内设计师,  Interior Designer,VET(B)
232611, C,  N, 城市和区域规划师,  Urban and Regional Planner,VET(A)
233111, S,  L, 化学工程师,  Chemical Engineer,EA
233112, S,  L, 材料工程师,  Materials Engineer,EA
233211, S,  L, 土木工程师,  Civil Engineer,EA
233212, S,  L, 岩土工程师,  Geotechnical Engineer,EA
233213, S,  L, 工料测量师,  Quantity Surveyor,AIQS
233214, S,  L, 结构工程师,  Structural Engineer,EA
233215, S,  L, 交通工程师,  Transport Engineer,EA
233311, S,  L, 电气工程师,  Electrical Engineer,EA
233411, S,  L, 电子工程师,  Electronics Engineer,EA
233511, S,  L, 工业工程师,  Industrial Engineer,EA
233512, S,  L, 机械工程师,  Mechanical Engineer,EA
233513, S,  L, 生产或工厂工程师,  Production or Plant Engineer,EA
233611, S,  L, 采矿工程师（不包括石油）,  Mining Engineer (Excluding Petroleum),EA
233612, S,  L, 石油工程师,  Petroleum Engineer,EA
233911, S,  L, 航空工程师,  Aeronautical Engineer,EA
233912, S,  L, 农业工程师,  Agricultural Engineer,EA
233913, S,  L, 生物医学工程师,  Biomedical Engineer,EA
233914, S,  N, 工程技师,  Engineering Technologist,EA
233915, S,  L, 环境工程师,  Environmental Engineer,EA
233916, S,  L, 海军建筑师,  Naval Architect,EA
233999, C,  L, 其他工程专业人员,  Engineering Professionals nec,EA
234111, S,  N, 农业顾问,  Agricultural Consultant,VET(A)
234112, S,  L, 农业科学家,  Agricultural Scientist,VET(A)
234113, S,  L, 护林员,  Forester,VET(A)
234211, C,  N, 化学家,  Chemist,VET(A)
234212, C,  L, 食品技师,  Food Technologist,VET(A)
234213, C,  N, 葡萄酒生产商,  Wine Maker,VET(B)
234311, C,  N, 保育主任,  Conservation Officer,VET(A)
234312, C,  N, 环境顾问,  Environmental Consultant,VET(A)
234313, C,  L, 环境研究科学家,  Environmental Research Scientist,VET(A)
234314, C,  N, 巡山,  Park Ranger,VET(A)
234399, C,  N, 环境科学家NEC,  Environmental Scientists nec,VET(A)
234411, C,  N, 地质学家,  Geologist,VET(A)
234412, C,  N, 地球物理学家,  Geophysicist,VET(A)
234413, C,  N, 水文地质学家,  Hydrogeologist,VET(A)
234511, C,  N, 生命科学家（普通）,  Life Scientist (General),VET(A)
234513, C,  N, 生物化学家,  Biochemist,VET(A)
234514, C,  L, 生物技术专家,  Biotechnologist,VET(A)
234515, C,  N, 植物学家,  Botanist,VET(A)
234516, C,  N, 海洋生物学家,  Marine Biologist,VET(A)
234517, C,  N, 微生物学家,  Microbiologist,VET(A)
234518, C,  N, 动物学家,  Zoologist,VET(A)
234599, C,  L, 生命科学家的NEC,  Life Scientists nec,VET(A)
234611, S,  L, 医学实验室科学家,  Medical Laboratory Scientist,AIMS
234711, S,  L, 兽医,  Veterinarian,AVBC
234911, C,  N, 自然保护者,  Conservator,VET(B)
234912, S,  N, 冶金学家,  Metallurgist,VET(A)
234913, C,  N, 气象学家,  Meteorologist,VET(A)
234914, S,  N, 物理学家（医学物理学家）,  Physicist (Medical Physicist),ACPSEM-VET(A)
234915, C,  N, 运动生理学家,  Exercise Physiologist,VET(A)
234999, C,  N, 自然和物理科学专业人员NEC,  Natural and Physical Science Professionals nec,VET(A)
241111, S,  N, 幼儿教育（学前教育）教师,  Early Childhood (Pre-Primary School) Teacher,AITSL
241213, C,  N, 小学教师,  Primary School Teacher,AITSL
241311, C,  N, 中学教师（澳大利亚）,  Middle School Teacher (Aus),AITSL
241411, S,  N, 中学教师,  Secondary School Teacher,AITSL
241511, S,  N, 特别需要教师,  Special Needs Teacher,AITSL
241512, S,  N, 聋哑教师,  Teacher of the Hearing Impaired,AITSL
241513, S,  N, 视障教师,  Teacher of the Sight Impaired,AITSL
241599, S,  N, 特殊教育教师NEC,  Special Education Teachers nec,AITSL
242111, C,  L, 大学讲师（符合大学助研或研究员）,  University Lecturer (Suitable for the position of Research Associate or Research Fellow in a University),VET(A)
242112, C,  N, 大学导师,  University Tutor,VET(A)
242211, C,  N, 职业教育教师,  Vocational Education Teacher ,TRA(A)
249111, C,  N, 教育顾问,  Education Adviser,VET(A)
249112, C,  N, 教育评论家,  Education Reviewer,VET(A)
249211, C,  N, 美术教师（补习）,  Art Teacher (Private Tuition),VET(B)
249212, C,  N, 舞蹈老师（补习）,  Dance Teacher (Private Tuition),VET(B)
249213, C,  N, 戏剧老师（补习）,  Drama Teacher (Private Tuition),VET(B)
249214, C,  N, 音乐教师（补习）,  Music Teacher (Private Tuition),VET(B)
249299, C,  N, 私人导师和教师NEC,  Private Tutors and Teachers nec,VET(B)
249311, C,  N, 讲其他语言的英语教师,  Teacher of English to Speakers of Other Languages,VET(A)
251111, C,  N, 营养师,  Dietitian,DAA
251112, C,  N, 营养师,  Nutritionist,VET(A)
251211, S,  N, 医用放射诊断技师,  Medical Diagnostic Radiographer,AIR
251212, S,  L, 医疗放射治疗师,  Medical Radiation Therapist,AIR
251213, S,  L, 核医学技师,  Nuclear Medicine Technologist,ANZSNM
251214, S,  L, 超声检查技师,  Sonographer,AIR
251311, S,  N, 环境卫生官员,  Environmental Health Officer,VET(A)
251312, S,  N, 职业健康与安全顾问,  Occupational Health and Safety Adviser,VET(A)
251411, S,  N, 验光师,  Optometrist,OCANZ
251412, C,  N, 视觉矫正师,  Orthoptist,VET(A)
251511, C,  N, 医院药剂师,  Hospital Pharmacist,APharmC
251512, C,  N, 工业药师,  Industrial Pharmacist,VET(A)
251513, C,  N, 零售药剂师,  Retail Pharmacist,APharmC
251911, C,  N, 健康推广主任,  Health Promotion Officer,VET(A)
251912, C,  N, 矫形或义肢技师,  Orthotist or Prosthetist,VET(A)
251999, C,  N, 健康诊断和促进专业人员NEC,  Health Diagnostic and Promotion Professionals nec,VET(A)
252111, S,  N, 脊医,  Chiropractor,CCEA
252112, S,  N, 整骨专家,  Osteopath,ANZOC
252211, C,  N, 针灸师,  Acupuncturist,VET(A)
252212, C,  N, 顺势疗法医师,  Homoeopath,VET(A)
252213, C,  N, 自然疗法医师,  Naturopath,VET(A)
252214, C,  N, 中国传统中医,  Traditional Chinese Medicine Practitioner,澳洲中医
252299, C,  N, 互补性健康治疗师NEC,  Complementary Health Therapists nec,VET(A)
252311, C,  N, 牙科专家,  Dental Specialist,ADC
252312, C,  N, 牙科医生,  Dentist,ADC
252411, S,  N, 职业治疗师,  Occupational Therapist,OTC
252511, S,  N, 物理治疗师,  Physiotherapist,APC
252611, S,  N, 足病诊疗师,  Podiatrist,APodC-ANZPAC
252711, C,  N, 听力学家,  Audiologist,VET(A)
252712, S,  N, 语言病理学家,  Speech Pathologist,SPA
253111, S,  L, 普通科医生,  General Practitioner,MBA
253112, C,  N, 居民医疗官,  Resident Medical Officer,MBA
253211, S,  L, 麻醉师,  Anaesthetist,MBA
253311, S,  N, 专科医师（全科医学）,  Specialist Physician (General Medicine),MBA
253312, S,  N, 心脏病专家,  Cardiologist,MBA
253313, S,  N, 临床血液病医生,  Clinical Haematologist,MBA
253314, S,  L, 肿瘤内科医生医生,  Medical Oncologist,MBA
253315, S,  N, 内分泌学家,  Endocrinologist,MBA
253316, S,  N, 胃肠病医生,  Gastroenterologist,MBA
253317, S,  L, 重症监护专家,  Intensive Care Specialist,MBA
253318, S,  N, 神经学家,  Neurologist,MBA
253321, S,  N, 儿科医生,  Paediatrician,MBA
253322, S,  L, 肾内科专家,  Renal Medicine Specialist,MBA
253323, S,  N, 风湿病专家,  Rheumatologist,MBA
253324, S,  N, 胸科医学专家,  Thoracic Medicine Specialist,MBA
253399, S,  L, 专家医师NEC的,  Specialist Physicians nec,MBA
253411, S,  L, 精神科医生,  Psychiatrist,MBA
253511, S,  L, 外科医生（普通）,  Surgeon (General),MBA
253512, S,  N, 心胸外科医生,  Cardiothoracic Surgeon,MBA
253513, S,  N, 神经外科专家,  Neurosurgeon,MBA
253514, S,  N, 矫形外科医生,  Orthopaedic Surgeon,MBA
253515, S,  N, 耳鼻喉科专家,  Otorhinolaryngologist,MBA
253516, S,  N, 儿科医生,  Paediatric Surgeon,MBA
253517, S,  N, 整形外科医生,  Plastic and Reconstructive Surgeon,MBA
253518, S,  N, 泌尿科医师,  Urologist,MBA
253521, S,  N, 血管外科医生,  Vascular Surgeon,MBA
253911, S,  N, 皮肤科医生,  Dermatologist,MBA
253912, S,  N, 急诊医学专家,  Emergency Medicine Specialist,MBA
253913, S,  L, 产科医生和妇科医生,  Obstetrician and Gynaecologist,MBA
253914, S,  N, 眼科医生,  Ophthalmologist,MBA
253915, S,  L, 病理学家,  Pathologist,MBA
253917, S,  L, 诊断和介入放射科专家,  Diagnostic and Interventional Radiologist,MBA
253918, S,  L, 放射肿瘤科专家,  Radiation Oncologist,MBA
253999, S,  N, 其他医疗执业人员,  Medical Practitioners nec,MBA
254111, S,  N, 助产士,  Midwife,ANMAC
254211, C,  N, 护士教育家,  Nurse Educator,ANMAC(A)
254212, C,  N, 护理研究员,  Nurse Researcher,ANMAC(A)
254311, C,  N, 护士经理,  Nurse Manager,ANMAC(A)
254411, S,  N, 护士执业,  Nurse Practitioner,ANMAC
254412, S,  L, 注册护士（老年护理）,  Registered Nurse (Aged Care),ANMAC
254413, S,  N, 注册护士（儿童和家庭健康）,  Registered Nurse (Child and Family Health),ANMAC
254414, S,  N, 注册护士（社区卫生服务）,  Registered Nurse (Community Health),ANMAC
254415, S,  L, 注册护士（重症监护和紧急）,  Registered Nurse (Critical Care and Emergency),ANMAC
254416, S,  N, 注册护士（发展迟缓）,  Registered Nurse (Developmental Disability),ANMAC
254417, S,  N, 注册护士（残疾和康复）,  Registered Nurse (Disability and Rehabilitation),ANMAC
254418, S,  L, 注册护士（医学）,  Registered Nurse (Medical),ANMAC
254421, S,  N, 注册护士（医疗实践）,  Registered Nurse (Medical Practice),ANMAC
254422, S,  N, 注册护士（心理健康）,  Registered Nurse (Mental Health),ANMAC
254423, S,  L, 注册护士（围手术期）,  Registered Nurse (Perioperative),ANMAC
254424, S,  N, 注册护士（手术）,  Registered Nurse (Surgical),ANMAC
254425, S,  N, 注册护士（儿科）,  Registered Nurse (Paediatric),ANMAC
254499, S,  N, 其他注册护士,  Registered Nurses nec,ANMAC
261111, S,  L, ICT业务分析师,  ICT business Analyst,ACS
261112, S,  L, 系统分析员,  Systems Analyst,ACS
261211, C,  L, 多媒体专家,  Multimedia Specialist,ACS
261212, C,  L, Web开发员,  Web Developer,ACS
261311, S,  L, 分析程序员,  Analyst Programmer,ACS
261312, S,  L, 开发程序员,  Developer Programmer,ACS
261313, S,  L, 软件工程师,  Software Engineer,ACS
261314, C,  L, 软件测试员,  Software Tester,ACS
261399, C,  L, 软件和应用程序员NEC,  Software and Applications Programmers nec,ACS
262111, C,  L, 数据库管理员,  Database Administrator,ACS
262112, C,  L, 信息和通信技术安全专家,  ICT Security Specialist,ACS
262113, C,  L, 系统管理员,  Systems Administrator,ACS
263111, S,  L, 计算机网络和系统工程师,  Computer Network and Systems Engineer,ACS
263112, C,  L, 网络管理员,  Network Administrator,ACS
263113, C,  L, 网络分析师,  Network Analyst,ACS
263211, C,  L, ICT质量保证工程师,  ICT Quality Assurance Engineer,ACS
263212, C,  L, 信息和通信技术支持工程师,  ICT Support Engineer,ACS
263213, C,  L, 信息和通信技术系统测试工程师,  ICT Systems Test Engineer,ACS
263299, C,  L, 信息和通信技术支持和测试工程师NEC,  ICT Support and Test Engineers nec,ACS
263311, S,  L, 电信工程师,  Telecommunications Engineer,EA
263312, S,  L, 电信网络工程师,  Telecommunications Network Engineer,EA
271111, S,  N, 律师,  Barrister,SLAA
271211, C,  N, 法官,  Judge,Agency
271212, C,  N, 裁判官,  Magistrate,Agency
271213, C,  N, 审裁处成员,  Tribunal Member,Agency
271214, C, ,知识产权律师,  Intellectual Property Lawyer,VET(A)
271299, C,  N, 司法和其他法律专业人员NEC,  Judicial and Other Legal Professionals nec,VET(A)
271311, S,  N, 律师,  Solicitor,SLAA
272111, C,  N, 职业顾问,  Careers Counsellor,VET(A)
272112, C,  N, 药物和酒精顾问,  Drug and Alcohol Counsellor,VET(A)
272113, C,  N, 家庭和婚姻顾问,  Family and Marriage Counsellor,VET(A)
272114, C,  N, 康复顾问,  Rehabilitation Counsellor,VET(A)
272115, C,  N, 学生顾问辅导员,  Student Counsellor,VET(A)
272199, C,  N, 辅导员NEC,  Counsellors nec,VET(A)
272211, C,  N, 宗教部长,  Minister of Religion,VET(B)
272311, S,  L, 临床心理学家,  Clinical Psychologist,APS
272312, S,  L, 教育心理学家,  Educational Psychologist,APS
272313, S,  N, 组织心理学家,  Organisational Psychologist,APS
272314, S,  N, 心理治疗师,  Psychotherapist,VET(A)
272399, S,  N, 心理学家NEC,  Psychologists nec,APS
272411, C,  N, 历史学家,  Historian,VET(A)
272412, C,  N, 口译,  Interpreter,NAATI
272413, C,  N, 翻译,  Translator,NAATI
272414, C,  N, 考古学家,  Archaeologist,VET(A)
272499, C,  L, 社会专业人员NEC,  Social Professionals nec,VET(A)
272511, S,  L, 社工,  Social Worker,AASW
272611, C,  N, 社区艺术工作家,  Community Arts Worker,VET(B)
272612, C,  N, 康乐主任,  Recreation Officer,VET(B)
272613, C,  N, 福利工作者,  Welfare Worker,ACWA
311111, C,  N, 农业技术员,  Agricultural Technician,VET(C)
311211, C,  N, 麻醉技术员,  Anaesthetic Technician,VET(E)
311212, C,  L, 心脏技术员,  Cardiac Technician,VET(E)
311213, C,  N, 医学实验室技术员,  Medical Laboratory Technician,AIMS
311214, C,  N, 手术室技术员,  Operating Theatre Technician,VET(E)
311215, C,  N, 药剂技术员,  Pharmacy Technician,VET(E)
311216, C,  N, 病理收集员（澳洲）-抽血员（新西兰）,  Pathology Collector(Aus),AIMS
311299, C,  N, 医疗技师NEC,  Medical Technicians nec,VET(E)
311311, C,  N, 渔业主任,  Fisheries Officer,VET(C)
311312, C,  N, 肉类督察,  Meat Inspector,VET(C)
311313, C,  N, 检疫官员,  Quarantine Officer,VET(C)
311399, C,  N, 初级产品检查员NEC,  Primary Products Inspectors nec,VET(C)
311411, C,  N, 化学技术员,  Chemistry Technician,VET(C)
311412, C,  N, 地球科学技术员,  Earth Science Technician,VET(C)
311413, C,  N, 生命科学技术员,  Life Science Technician,VET(C)
311414, C,  N, 学校实验室技术员,  School Laboratory Technician,VET(C)
311415, C,  N, 水文工作者,  Hydrographer,VET(C)
311499, C,  N, 其他科学技术员,  Science Technicians nec,VET(C)
312111, C,  N, 建筑绘图员,  Architectural Draftsperson,VET(C)
312112, C,  N, 建筑助理,  Building Associate,VET(C)
312113, C,  N, 建筑检查员,  Building Inspector,VET(C)
312114, C,  N, 建筑估算员,  Construction Estimator,VET(C)
312115, C,  N, 水暖督察,  Plumbing Inspector,VET(C)
312116, C,  N, 测量或空间科学技术员,  Surveying or Spatial Science Technician,VET(C)
312199, C,  N, 建筑，建造及测量技术员NEC,  Architectural Building and Surveying Technicians nec,VET(C)
312211, S,  N, 土木工程绘图员,  Civil Engineering Draftsperson,EA-VET(C)
312212, S,  L, 土木工程技术员,  Civil Engineering Technician,VET(C)
312311, S,  N, 电气工程绘图员,  Electrical Engineering Draftsperson,EA
312312, S,  L, 电气工程技术员,  Electrical Engineering Technician,TRA
312411, C,  N, 电子工程绘图员,  Electronic Engineering Draftsperson,EA
312412, C,  L, 电子工程技术员,  Electronic Engineering Technician,TRA
312511, C,  N, 机械绘图员,  Mechanical Engineering Draftsperson,EA
312512, C,  N, 机械工程技术员,  Mechanical Engineering Technician,TRA
312611, C,  N, 安全检查员,  Safety Inspector,VET(C)
312911, C,  N, 维护规划员,  Maintenance Planner,VET(C)
312912, C,  N, 冶金或材料技术员,  Metallurgical or Materials Technician,VET(C)
312913, C,  N, 矿副,  Mine Deputy,VET(C)
312999, C,  N, 建筑及工程技术员NEC,  Building and Engineering Technicians nec,EA-VET(C)
313111, C,  N, 硬件技术员,  Hardware Technician,TRA
313112, C,  L, ICT 客户支持,  ICT Customer Support Officer,TRA
313113, C,  N, Web管理员,  Web Administrator,ACS
313199, C,  N, 信息和通信技术支持技术员NEC,  ICT Support Technicians nec,TRA
313211, S,  N, 无线电通信技术员,  Radio Communications Technician,TRA
313212, S,  N, 电信领域工程师,  Telecommunications Field Engineer,EA
313213, S,  N, 电信网络规划师,  Telecommunications Network Planner,EA
313214, S,  N, 电信技术人员或技师,  Telecommunications Technical Officer or Technologist,EA
321111, S,  L, 汽车电工,  Automotive Electrician,TRA(RTO)
321211, S,  N, 汽车技工（普通）,  Motor Mechanic (General),TRA(RTO)
321212, S,  L, 柴油汽车技工,  Diesel Motor Mechanic,TRA(RTO)
321213, S,  N, 摩托车技工,  Motorcycle Mechanic,TRA
321214, S,  N, 小型发动机技工,  Small Engine Mechanic,TRA
322111, C,  N, 铁匠,  Blacksmith,TRA
322112, C,  N, 电镀工,  Electroplater,TRA
322113, C,  N, 兽医,  Farrier,TRA
322114, C,  N, 金属铸造行业工人,  Metal Casting Trades Worker,TRA
322115, C,  N, 金属抛光工,  Metal Polisher,TRA
322211, S,  N, 钣金行业工人,  Sheetmetal Trades Worker,TRA(RTO)
322311, S,  N, 金属构造工,  Metal Fabricator,TRA(RTO)
322312, S,  N, 压力焊工,  Pressure Welder,TRA(RTO)
322313, S,  N, 焊工（甲等）,  Welder (First Class),TRA(RTO)
323111, C,  N, 飞机维修工程师（航空电子）,  Aircraft Maintenance Engineer (Avionics),TRA
323112, C,  N, 飞机维修工程师（机械）,  Aircraft Maintenance Engineer (Mechanical),TRA
323113, C,  N, 飞机维修工程师（结构）,  Aircraft Maintenance Engineer (Structures),TRA
323211, S,  N, 钳工（普通）,  Fitter (General),TRA(RTO)
323212, S,  N, 钳工和车床工,  Fitter and Turner,TRA(RTO)
323213, S,  N, 钳工，焊工,  Fitter-Welder,TRA(RTO)
323214, S,  N, 金属机械师（甲等）,  Metal Machinist (First Class),TRA(RTO)
323215, C,  N, 纺织，服装和制鞋技工,  Textile Clothing and Footwear Mechanic,TRA
323299, C,  N, 金属钳工和机械师NEC,  Metal Fitters and Machinists nec,TRA(RTO)
323311, C,  N, 雕刻工,  Engraver,TRA
323312, C,  N, 枪械工,  Gunsmith,TRA
323313, S,  N, 锁匠,  Locksmith,TRA
323314, C,  N, 精密仪器制造和修理工,  Precision Instrument Maker and Repairer,TRA
323315, C,  N, 锯制造和修理工,  Saw Maker and Repairer,TRA
323316, C,  N, 钟表制造和修理工,  Watch and Clock Maker and Repairer,TRA
323411, C,  N, 工程制模工人,  Engineering Patternmaker,TRA
323412, C,  N, 模具工人,  Toolmaker,TRA(RTO)
324111, S,  N, 钣金工人,  Panelbeater,TRA(RTO)
324211, C,  N, 车身修理工,  Vehicle Body Builder,TRA
324212, C,  N, 汽车翻修工,  Vehicle Trimmer,TRA
324311, C,  N, 汽车油漆技工,  Vehicle Painter,TRA(RTO)
331111, S,  N, 瓦工,  Bricklayer,TRA(RTO)
331112, S,  N, 石匠,  Stonemason,TRA
331211, S,  N, 木工和细木工,  Carpenter and Joiner,TRA(RTO)
331212, S,  N, 木匠,  Carpenter,TRA(RTO)
331213, S,  N, 细木工,  Joiner,TRA(RTO)
332111, C,  N, 地板工,  Floor Finisher,TRA
332211, S,  N, 绘画工人,  Painting trades workers,TRA
333111, S,  N, 玻璃工,  Glazier,TRA
333211, S,  N, 纤维泥水匠,  Fibrous Plasterer,TRA
333212, S,  N, 固体泥水匠,  Solid Plasterer,TRA
333311, C,  N, 屋顶铺瓦工,  Roof Tiler,TRA
333411, S,  N, 墙和地板瓦工,  Wall and Floor Tiler,TRA
334111, S,  N, 管道工（普通）,  Plumber (General),TRA(RTO)
334112, S,  N, 空调和机械服务水管工,  Airconditioning and Mechanical Services Plumber,TRA
334113, S,  N, 下水道工,  Drainer,TRA
334114, S,  N, 煤气工,  Gasfitter,TRA
334115, S,  N, 屋顶水暖工,  Roof plumber,TRA
341111, S,  L, 电工（普通）,  Electrician (General),TRA(RTO)
341112, S,  N, 电工（特种）,  Electrician (Special Class),TRA(RTO)
341113, S,  N, 电梯升降机技工,  Lift Mechanic,TRA
342111, S,  N, 空调和制冷技工,  Airconditioning and Refrigeration Mechanic,TRA
342211, S,  L, 电气接线员,  Electrical Linesworker,TRA
342212, S,  N, 电缆接线技工,  Technical Cable Jointer,TRA
342311, C,  N, 商业机械技工,  Business Machine Mechanic,TRA
342312, C,  N, 通信运营商,  Communications Operator,TRA
342313, S,  N, 电子设备行业工人,  Electronic Equipment Trades Worker,TRA(RTO)
342314, S,  N, 电子仪器行业工人（普通）,  Electronic Instrument Trades Worker (General),TRA
342315, S,  N, 电子仪器行业工人（特别类）,  Electronic Instrument Trades Worker (Special Class),TRA
342411, C,  N, 线缆工（数据通信）,  Cabler (Data and Telecommunications),TRA
342412, C,  N, 电信电缆接线员,  Telecommunications Cable Jointer,TRA
342413, C,  N, 电信接线员,  Telecommunications Linesworker,TRA
342414, C,  N, 电讯技术员,  Telecommunications Technician,TRA
351111, C,  N, 面包师,  Baker,TRA(RTO)
351112, C,  N, 糕饼师,  Pastrycook,TRA(RTO)
351211, C,  N, 屠宰及熟肉加工,  Butcher or Smallgoods Maker ,TRA
351311, S,  L, 主厨,  Chef,TRA(RTO)
351411, C,  N, 厨师,  Cook,TRA(RTO)
361111, C,  N, 驯犬师或训犬师,  Dog Handler or Trainer,VET(D)
361112, C,  N, 驯马师,  Horse Trainer,TRA
361114, C,  N, 动物园管理员,  Zookeeper,VET(D)
361115, C,  N, 养犬手,  Kennel Hand,VET(D)
361199, C,  N, 动物服务员和教员NEC,  Animal Attendants and Trainers nec,VET(D)
361211, C,  N, 剪切者,  Shearer,VET(D)
361311, C,  N, 兽医护士,  Veterinary Nurse,VET(D)
362111, C,  N, 花匠,  Florist,TRA
362211, C,  N, 园丁（普通）,  Gardener (General),TRA
362212, C,  N, 树艺师,  Arborist,TRA
362213, C,  N, 园艺师,  Landscape Gardener,TRA
362311, C,  N, 球场管理员,  Greenkeeper,TRA
362411, C,  N, 托儿所保育员,  Nurseryperson,TRA
391111, C,  N, 理发师,  Hairdresser,TRA(RTO)
392111, C,  N, 打印装订工,  Print Finisher,TRA
392112, C,  N, 丝网印刷工,  Screen Printer,TRA
392211, C,  N, 图形印前行业工人,  Graphic Pre-press Trades Worker,TRA
392311, C,  N, 印刷技工,  Printing Machinist,TRA
392312, C,  N, 小型胶印印刷工,  Small Offset Printer,TRA
393111, C,  N, 帆布制品加工商,  Canvas Goods Fabricator,TRA
393112, C,  N, 皮革制品制造商,  Leather Goods Maker,TRA
393113, C,  N, 帐篷厂商,  Sail Maker,TRA
393114, C,  N, 鞋匠,  Shoemaker,TRA
393211, C,  N, 服装裁剪工,  Apparel Cutter,TRA
393212, C,  N, 服装模具工人,  Clothing Patternmaker,TRA
393213, C,  N, 裁缝,  Dressmaker or Tailor,TRA
393299, C,  N, 服装行业工人NEC,  Clothing Trades Workers nec,VET(D)
393311, C,  N, 家俱商,  Upholsterer,TRA
394111, S,  N, 细木工,  Cabinetmaker,TRA(RTO)
394211, C,  N, 家具装订工,  Furniture Finisher,TRA
394212, C,  N, 图片成帧器,  Picture Framer,TRA
394213, C,  N, 木机械师,  Wood Machinist,TRA
394214, C,  N, 木车床工,  Wood Turner,TRA
394299, C,  N, 木机械师和其他木技工工人NEC,  Wood Machinists and Other Wood Trades Workers nec,TRA
399111, S,  N, 船舶构造和维修,  Boat Builder and Repairer,TRA
399112, S,  N, 造船工人,  Shipwright,TRA
399211, C,  N, 化工厂操作员,  Chemical Plant Operator,TRA
399212, C,  N, 天然气或石油操作,  Gas or Petroleum Operator,TRA
399213, C,  N, 发电厂操作,  Power Generation Plant Operator,TRA
399311, C,  N, 画廊或博物馆技术员,  Gallery or Museum Technician,TRA(C)
399312, C,  N, 图书馆技术员,  Library Technician,VET(C)
399411, C,  N, 珠宝商,  Jeweller,TRA
399511, C,  N, 广播发射机操作,  Broadcast Transmitter Operator,TRA
399512, C,  N, 相机操作（电影电视或视频）,  Camera Operator (FilmTelevision or Video),TRA
399513, C,  N, 光技术员,  Light Technician,TRA
399514, C,  N, 化妆师,  Make Up Artist,TRA
399515, C,  N, 乐器制造工人或维修工,  Musical Instrument Maker or Repairer,TRA
399516, C,  N, 音响技术员,  Sound Technician,TRA
399517, C,  N, 电视设备操作工,  Television Equipment Operator,TRA
399599, C,  N, 演艺技师NEC,  Performing Arts Technicians nec,VET(D)
399611, C,  N, 招牌写手,  Signwriter,TRA
399911, C,  N, 潜水员,  Diver,(D)
399912, C,  N, 室内装潢师,  Interior Decorator,VET(C)
399913, C,  N, 光分配员,  Optical Dispenser,TRA
399914, C,  N, 光学技工,  Optical Mechanic,TRA
399916, C,  N, 塑料技术员,  Plastics Technician,TRA
399917, C,  N, 羊毛分级员,  Wool Classer,TRA
399918, C,  N, 消防设备技术员,  Fire Protection Equipment Technician,TRA
399999, C,  N, 技术人员和其他业职工,  Technicians and Trades Workers nec,TRA
411111, C,  N, 救护主任,  Ambulance Officer,VET(C)
411112, C,  N, 重症监护救护车医务人员,  Intensive Care Ambulance Paramedic,VET(C)
411211, S,  N, 牙齿卫生员,  Dental Hygienist,VET(E)
411212, S,  N, 牙科义肢,  Dental Prosthetist,TRA
411213, S,  N, 牙科技师,  Dental Technician,TRA
411214, S,  N, 牙科治疗师,  Dental Therapist,VET(E)
411311, C,  N, 措施满足治疗师,  Diversional Therapist,VET(D)
411411, C,  N, 登记护士,  Enrolled Nurse,ANMAC
411412, C,  N, 育儿护士,  Mothercraft Nurse,VET(C)
411511, C,  N, 土著居民和托雷斯海峡岛民卫生工作家,  Aboriginal and Torres Strait Islander Health Worker,VET(C)
411611, C,  N, 按摩治疗师,  Massage Therapist,VET(C)
411711, C,  N, 社区工作家,  Community Worker,VET(C)
411712, C,  N, 残疾人服务主任,  Disabilities Services Officer,VET(C)
411713, C,  N, 家庭支持工作家,  Family Support Worker,VET(C)
411714, C,  N, 假释或缓刑主任,  Parole or Probation Officer,VET(C)
411715, C,  N, 安老院主任,  Residential Care Officer,VET(C)
411716, C,  N, 青年工人,  Youth Worker,VET(C)
441111, C,  N, 国防军成员 - 其他职级,  Defence Force Member – Other Ranks,VET(D)
441211, C,  N, 紧急服务工作人员,  Emergency Service Worker,VET(D)
441212, C,  N, 消防战士,  Fire Fighter,VET(D)
441311, C,  N, 侦探,  Detective,VET(C)
441312, C,  N, 警官,  Police Officer,VET(C)
442111, C, ,监狱工作人员,  Prison Officer,VET(C)
451211, C,  N, 驾驶教师,  Driving Instructor,VET(D)
451311, C,  N, 殡仪馆主任,  Funeral Director,VET(C)
451399, C,  N, 葬礼工人NEC,  Funeral Workers nec,VET(D)
451711, C,  N, 乘务员,  Flight Attendant,VET(D)
451799, C,  N, 旅游服务员NEC,  Travel Attendants nec,VET(D)
451815, C,  N, 急救训练师,  First Aid Trainer,VET(D)
452311, C,  N, 潜水教练（开放水域）,  Diving Instructor (Open Water),VET(D)
452312, C,  N, 体操教练或导师,  Gymnastics Coach or Instructor,VET(D)
452313, C,  N, 骑马教练或导师,  Horse Riding Coach or Instructor,VET(D)
452314, C,  N, 滑雪用品导师,  Snowsport Instructor,VET(D)
452315, C,  N, 游泳教练或导师,  Swimming Coach or Instructor,VET(D)
452316, C,  N, 网球教练,  Tennis Coach,VET(D)
452317, C,  N, 其他体育教练或导师,  Other Sports Coach or Instructor,VET(D)
452318, C,  N, 赛狗或赛马官员,  Dog or Horse Racing Official,VET(D)
452321, C,  N, 体育发展主任,  Sports Development Officer,VET(C)
452322, C,  N, 体育裁判,  Sports Umpire,VET(D)
452323, C,  N, 其他体育官员,  Other Sports Official,VET(D)
452411, C,  N, 足球运动员,  Footballer,VET(D)
452412, C,  N, 高尔夫球,  Golfer,VET(D)
452413, C,  N, 骑师,  Jockey,TRA
452499, C,  N, 体育运动员NEC,  Sportspersons nec,VET(D)
511111, C,  N, 合同管理员,  Contract Administrator,VET(C)
511112, C,  N, 计划或项目管理员,  Program or Project Administrator,VET(C)
599111, C,  N, 财产转让员,  Conveyancer,VET(C)
599112, C,  N, 法律行政,  Legal Executive,VET(C)
599212, C,  N, 法院执达主任或警长（澳洲）,  Court Bailiff or Sheriff (Aus) ,VET(D)
599611, C,  N, 保险调查员,  Insurance Investigator,VET(D)
599612, C,  N, 保险公证员,  Insurance Loss Adjuster,VET(D)
599613, C,  N, 保险风险测量师,  Insurance Risk Surveyor,VET(D)
599915, C,  N, 临床编码员,  Clinical Coder,VET(D)
611111, C,  N, 拍卖员,  Auctioneer,VET(D)
611112, C,  N, 股票及站代理,  Stock and Station Agent,VET(D)
611211, C,  N, 保险公司,  Insurance Agent,VET(D)
612111, C,  N, 商业经纪人,  Business Broker,VET(D)
612112, C,  N, 物业经理,  Property Manager,VET(D)
612113, C,  N, 房地产代理校长,  Real Estate Agency Principal,VET(C)
612114, C,  N, 房地产代理,  Real Estate Agent,VET(D)
612115, C,  N, 房地产代表,  Real Estate Representative,VET(D)
639211, C,  N, 零售买家,  Retail Buyer,VET(D)
639212, C,  N, 羊毛买家,  Wool Buyer,VET(D)
712211, C, ,钻井工人,  Driller,TRA
